direction,payload_bytes,copies,trial,seconds,GBps,validation
H2D,4194304,8,1,0.001580833,21.225791718669843,verified
H2D,4194304,8,2,0.0026718340000000001,12.558576618158163,verified
H2D,4194304,8,3,0.0015287499999999999,21.948933442354868,verified
D2H,4194304,8,1,0.0061362079999999998,5.4682683507469108,verified
D2H,4194304,8,2,0.0056093749999999998,5.9818486016713095,verified
D2H,4194304,8,3,0.0061791249999999997,5.4302885926405438,verified
H2D,16777216,8,1,0.021269541999999999,6.3103252528897897,verified
H2D,16777216,8,2,0.0206515,6.4991757499455245,verified
H2D,16777216,8,3,0.021275709,6.3084961351934261,verified
D2H,16777216,8,1,0.019774750000000001,6.7873286893639611,verified
D2H,16777216,8,2,0.019632750000000001,6.8364201652850465,verified
D2H,16777216,8,3,0.019766208,6.7902618448616954,verified
H2D,67108864,8,1,0.080564874999999994,6.6638334882292067,verified
H2D,67108864,8,2,0.080396791999999995,6.6777653516324387,verified
H2D,67108864,8,3,0.080641749999999998,6.6574809202429268,verified
D2H,67108864,8,1,0.076106790999999993,7.0541788051476253,verified
D2H,67108864,8,2,0.076081833000000001,7.0564928686720778,verified
D2H,67108864,8,3,0.076018500000000003,7.0623718173865564,verified
