case,trial,kind,source_lines,source_bytes,code_bytes,compile_ms,grid_x,wg_x
q4_m1,0,first_call,400,20332,9208,20.3922,2176,256
q4_m1,1,warm_uncached,400,20332,9208,4.69171,2176,256
q4_m1,2,warm_uncached,400,20332,9208,4.56571,2176,256
q4_m1,3,warm_uncached,400,20332,9208,4.72183,2176,256
q4_m1,4,warm_uncached,400,20332,9208,4.56787,2176,256
q4_m1,5,warm_uncached,400,20332,9208,4.68454,2176,256
q4_m1,6,warm_uncached,400,20332,9208,4.52396,2176,256
q4_m1,7,warm_uncached,400,20332,9208,4.63833,2176,256
q4_m512,0,first_call,1733,97629,13304,18.9792,1088,256
q4_m512,1,warm_uncached,1733,97629,13304,18.2243,1088,256
q4_m512,2,warm_uncached,1733,97629,13304,17.9933,1088,256
q4_m512,3,warm_uncached,1733,97629,13304,18.1067,1088,256
q4_m512,4,warm_uncached,1733,97629,13304,17.7515,1088,256
q4_m512,5,warm_uncached,1733,97629,13304,17.9661,1088,256
q4_m512,6,warm_uncached,1733,97629,13304,17.8433,1088,256
q4_m512,7,warm_uncached,1733,97629,13304,17.9232,1088,256
